sasdate,HH_Spread,PNFC_Spread,FTITLMS,GDP_K2020,M_K2020,C_K2020,G_K2020,I_K2020,X_K2020,PNFC_Lending_K2020,HH_Lending_K2020,Ur15_74,Emp,Volume_HH,Volume_PNFC,Specific provisions,Tier 1 capital_to_total_Assets_Percent,NPLs,ROE,Provisions_to_NPLs,Total assets,Tier 1 capital to risk-weighted assets_Percent,Regulatory capital to risk-weighted assets_Percent,Risk-weighted assets,Total regulatory capital,Tier 1 capital,GBP_EUR,JPY_EUR,USD_EUR,GrossYield_BTP3,GrossYield_BTP5,GrossYield_BTP10,GrossYield_BTP30,GrossYield_CCT,GrossYiled_Bund10,Spread_BTP_BUND,Shadow_rate
speed,slow,slow,fast,slow,slow,slow,slow,slow,slow,slow,slow,slow,slow,slow,slow,slow,slow,slow,slow,slow,slow,slow,slow,slow,slow,slow,fast,fast,fast,fast,fast,fast,fast,fast,fast,fast,slow
Transform:,2,2,5,5,5,5,5,5,5,5,5,2,5,5,5,6,2,6,2,2,6,2,2,5,5,5,5,5,5,2,2,2,2,2,2,2,2
2005-06-30 00:00:00,1.5199,1.2541,175.8590,107.5176,91.8825,108.2764,103.0759,130.1092,83.1587,119.3668,64.8420,79.9467,97.5376,75.1123,102.3138,,,,,,,7.8816,10.6472,98.6483,59.1413,50.4169,78.6962,112.7613,114.2120,2.4220,2.7902,3.5370,4.1487,2.2442,3.3043,0.2327,1.8175
2005-09-30 00:00:00,1.4680,1.2822,189.8682,108.0996,91.9791,108.8912,103.5156,131.6575,84.0864,118.2953,66.3280,75.6520,97.3915,75.3283,111.4195,,,,,,,7.5172,10.3064,108.6123,62.8394,52.7074,79.2626,112.9227,110.6343,2.4062,2.7207,3.3915,3.9939,2.2343,3.1687,0.2228,1.8506
2005-12-31 00:00:00,1.3189,1.1660,190.9695,108.5926,94.0156,109.0766,102.3996,132.3655,86.0376,119.0180,67.8235,85.6252,97.9347,76.4954,104.7720,70.8974,4.6124,78.2572,11.6772,47.0433,79.5178,7.1528,9.9656,118.5764,66.5375,54.9978,78.8592,116.0804,107.7747,2.8121,3.0500,3.5509,4.0305,2.4801,3.3415,0.2095,2.2676
2006-03-31 00:00:00,1.3414,1.0568,206.6077,108.9572,97.9163,109.6844,102.4040,132.6493,88.6335,122.3248,70.0430,80.8854,98.5884,80.8345,101.6642,69.4259,4.6756,76.5102,12.3095,47.1206,81.5353,7.2502,10.0509,121.5946,68.8296,57.1853,79.5880,116.9994,109.0364,3.1508,3.3203,3.7212,4.0925,2.8314,3.4771,0.2442,2.6369
2006-06-30 00:00:00,1.3592,1.0437,197.1038,109.3023,98.3483,109.5535,102.6090,133.5146,90.2017,124.4421,71.1980,69.6224,99.1494,80.0288,107.2729,67.9381,4.7395,74.7438,12.9489,47.1987,83.5752,7.3487,10.1371,124.6463,71.1472,59.3972,79.7656,119.7476,114.1097,3.5794,3.8358,4.2671,4.6570,3.1492,3.9394,0.3277,2.9368
2006-09-30 00:00:00,1.3459,1.0387,208.4222,109.6297,99.5646,109.7192,102.1998,133.1022,89.7613,125.8686,72.6080,64.8138,98.8633,80.2325,105.0057,69.7209,4.6719,74.7438,13.8904,48.4373,84.1511,7.2061,10.1199,126.1798,71.8992,58.9464,78.8371,123.3073,115.5656,3.7243,3.8413,4.1710,4.5388,3.4669,3.8826,0.2884,3.2193
2006-12-31 00:00:00,1.2145,1.0399,225.0872,111.1363,103.6236,110.4520,103.7586,137.9595,94.7040,131.5579,73.6842,73.5239,99.0890,81.8166,119.1671,71.5036,4.6042,74.7438,14.8320,49.6758,84.7269,7.0634,10.1028,127.7132,72.6512,58.4957,78.0674,126.3305,116.8713,3.7705,3.8442,4.0259,4.2788,3.7791,3.7574,0.2684,3.5442
2007-03-31 00:00:00,1.3109,0.6978,228.9425,111.0311,104.6488,110.9053,103.2077,136.3828,95.0191,133.7859,74.8562,67.7642,98.9302,81.7931,144.3326,68.4891,4.5893,72.4928,14.1416,49.0390,88.9741,7.2092,10.2009,130.8924,75.2009,61.2196,77.7755,130.2545,118.8567,3.9820,4.0489,4.2397,4.4972,4.0113,4.0022,0.2375,3.8106
2007-06-30 00:00:00,1.3223,0.7363,230.2493,111.3002,104.0498,111.4447,103.1119,136.1488,95.7593,136.9828,76.2205,60.7751,99.4956,84.9736,141.7505,65.4410,4.5742,70.2167,13.4435,48.3951,93.2685,7.3566,10.3002,134.1069,77.7789,63.9737,78.7237,135.6357,122.2623,4.3395,4.3944,4.5440,4.8372,4.2480,4.3305,0.2134,4.1054
2007-09-30 00:00:00,1.1166,0.5143,218.0594,111.2788,105.2949,111.1151,102.7648,136.5241,96.5608,138.5244,77.4473,60.2024,99.9453,82.4105,153.3748,68.6522,4.5817,69.1918,13.6614,51.5689,92.2675,7.2167,10.2070,135.4861,77.8610,63.3902,78.8642,134.8056,124.5922,4.3748,4.4277,4.6391,4.9410,4.3748,4.3425,0.2966,4.0610
2007-12-31 00:00:00,0.9689,0.5798,208.6464,111.0452,104.4492,110.9630,103.4038,134.7402,96.0891,144.0839,77.4888,70.0629,100.2076,83.1891,153.7907,71.8634,4.5893,68.1668,13.8793,54.7428,91.2666,7.0768,10.1139,136.8653,77.9432,62.8066,82.0898,136.4116,131.3738,4.1499,4.2250,4.5262,4.9128,4.2602,4.1925,0.3337,3.8403
2008-03-31 00:00:00,1.1697,0.8127,171.6373,112.2602,104.1011,111.0451,104.1534,135.7770,97.5631,147.7290,76.9634,74.8344,100.4624,76.2561,144.1163,69.5472,4.3427,70.2959,11.2581,51.4729,94.2685,6.8873,10.0415,137.2153,77.5817,61.2769,87.7918,131.3923,135.8172,3.7203,3.8885,4.3769,4.9749,4.2097,3.9267,0.4503,3.4590
2008-06-30 00:00:00,0.8884,0.6503,159.2358,111.2147,102.7804,110.4341,105.6210,134.6770,95.1691,148.7596,75.7864,71.7139,100.8173,73.8139,150.2012,67.2311,4.0962,72.4249,8.6370,48.2030,97.2704,6.6979,9.9691,137.5652,77.2202,59.7471,91.9521,136.0149,141.6766,4.4423,4.5086,4.7801,5.1671,4.6131,4.2541,0.5260,3.9146
2008-09-30 00:00:00,0.9123,0.6327,138.6571,109.5415,99.0336,109.5266,104.0831,130.7765,91.5977,149.8344,76.8127,64.5975,100.5390,71.5392,168.8955,72.3070,4.0928,79.7580,6.7693,47.1707,95.4775,6.8000,10.1725,132.9603,76.1056,58.5977,92.2053,134.7524,136.4901,4.5655,4.6807,4.9042,5.2737,4.9908,4.2623,0.6419,4.1444
2008-12-31 00:00:00,1.2495,0.9416,106.8665,106.9285,94.3232,108.7091,104.3446,123.9765,85.6596,151.3285,77.1744,74.8709,100.0761,65.0185,161.3950,77.3828,4.0894,87.0910,4.9016,46.1385,93.6845,6.9022,10.3760,128.3553,74.9910,57.4483,97.3113,105.5036,119.5246,3.7507,4.0630,4.6638,5.1035,4.2921,3.4960,1.1678,2.2183
2009-03-31 00:00:00,2.5296,1.4541,88.5375,104.3034,87.6225,108.4628,103.8636,118.7764,76.0481,149.4396,76.8933,84.3384,99.1399,63.2118,141.0814,82.0646,4.1786,97.5528,4.7079,43.9228,95.3206,7.1828,10.6004,128.2848,76.5701,59.7492,105.3958,101.6209,118.1560,2.8229,3.5709,4.5385,5.3791,2.6759,3.0727,1.4658,0.8884
2009-06-30 00:00:00,2.5041,1.5101,106.5464,103.7439,84.4874,108.0399,104.3675,118.2137,74.2544,148.9774,78.8249,78.3926,98.6527,65.2180,133.1989,86.7983,4.2688,108.1308,4.5121,41.6825,96.9748,7.4665,10.8274,128.2135,78.1668,62.0757,101.9229,110.4005,123.6272,2.4591,3.2898,4.4591,5.3345,1.8154,3.3259,1.1332,0.5933
2009-09-30 00:00:00,2.3568,1.6443,128.9185,104.0924,86.2880,108.3248,106.4345,115.2290,76.2748,147.3420,79.0997,78.0157,97.9736,63.5309,122.3598,90.6038,4.5426,115.2798,4.2404,40.8626,93.5246,7.8797,11.2389,124.5951,78.7642,63.5652,101.0860,111.4239,129.7139,2.2432,3.0323,4.1922,5.1229,1.2759,3.3021,0.8901,0.3957
2009-12-31 00:00:00,2.1950,1.5289,127.3738,104.3714,88.7563,108.4425,104.8887,118.2151,77.9872,145.9604,81.5276,91.5868,97.5945,66.1279,129.2538,94.4093,4.8164,122.4288,3.9687,40.0427,90.0745,8.2929,11.6504,120.9767,79.3615,65.0548,104.9376,110.4874,134.0342,1.9816,2.7689,4.0551,4.8863,1.1156,3.1882,0.8668,0.3779
2010-03-31 00:00:00,1.9969,1.2955,125.8419,104.7708,92.5952,108.9068,105.1012,116.1405,80.4322,145.3226,83.3576,96.9995,97.4326,65.6270,141.3341,98.1593,4.8333,128.9066,3.9827,39.5653,91.9871,8.4681,11.8134,121.4129,80.7658,66.6738,102.9398,104.4859,125.4155,1.9924,2.8411,4.0234,4.8714,1.1292,3.1766,0.8469,0.2614
2010-06-30 00:00:00,1.8612,1.4687,106.9994,105.4788,95.3408,108.9390,105.1065,118.7962,83.8636,146.7541,96.7244,89.2450,97.4595,69.6494,130.7540,101.9510,4.8504,135.4564,3.9968,39.0826,93.9210,8.6452,11.9782,121.8540,82.1856,68.3108,98.8566,97.5497,115.2440,2.0292,2.8353,4.0276,4.9507,1.7586,2.7807,1.2469,0.1388
2010-09-30 00:00:00,1.7407,1.6161,113.6175,105.7592,97.6485,109.7098,104.8905,116.8045,86.0885,147.7799,97.3791,80.9363,97.2727,69.4332,99.1992,106.8766,4.9147,139.7704,3.8389,39.6876,93.9231,8.6560,12.0216,123.3171,83.4778,69.2182,96.6137,92.1544,117.0840,2.1091,2.7480,3.8967,4.8472,1.7989,2.4221,1.4746,0.2881
2010-12-31 00:00:00,1.8302,1.6667,112.7412,106.6669,101.9892,110.1463,102.5492,118.1198,87.8892,148.0252,98.5843,92.6664,97.7006,71.8224,105.7950,111.8023,4.9790,144.0844,3.6811,40.2927,93.9252,8.6668,12.0651,124.7802,84.7700,70.1256,99.6739,93.3425,123.1811,2.5683,3.1748,4.1958,5.0255,2.1970,2.5977,1.5980,0.5951
2011-03-31 00:00:00,1.9813,1.6922,120.9160,107.2714,100.3189,110.2880,102.6742,118.2381,89.0963,150.6668,99.3143,92.0744,97.9252,79.5224,111.7431,115.8806,5.1934,149.3068,2.9236,40.3014,94.0230,9.0312,12.4303,125.0263,87.5134,73.2242,99.0265,93.7326,124.0625,3.1186,3.8049,4.7800,5.5101,2.6395,3.1425,1.6376,0.8254
2011-06-30 00:00:00,1.6846,1.6323,112.6203,107.0157,98.7663,110.1309,102.2605,116.5814,89.8608,152.6799,100.7936,83.1257,97.9388,67.4822,114.1277,120.0042,5.4101,154.5871,2.1577,40.3102,94.1220,9.3997,12.7996,125.2751,90.2872,76.3572,102.3761,97.7604,130.5081,3.4050,3.9553,4.8042,5.5615,2.8767,3.0974,1.7067,1.1769
2011-09-30 00:00:00,1.7914,1.8246,83.8459,106.5266,97.5131,109.8209,101.0288,115.4413,89.7137,152.8023,101.0589,81.8966,97.7172,57.2332,114.8351,123.1898,5.4290,158.9088,-5.4176,40.2564,94.5270,9.4655,12.7423,125.3769,89.9557,76.9550,101.7802,91.4026,128.1176,4.3475,4.7908,5.4932,6.1919,4.8167,2.2621,3.2310,0.6518
2011-12-31 00:00:00,2.2635,2.4248,85.3570,105.4843,94.2004,108.2360,102.2830,114.2296,89.4230,149.3503,101.2072,102.7315,97.6869,52.8946,111.0114,126.3755,5.4480,163.2306,-12.9928,40.2025,94.9321,9.5314,12.6850,125.4787,89.6242,77.5529,99.4226,86.7814,122.2638,5.8386,6.1571,6.6136,6.8559,6.7720,1.9347,4.6789,0.2573
2012-03-31 00:00:00,3.2459,2.7562,91.5429,104.3850,91.3717,106.8293,101.1179,107.1236,90.0390,146.9249,100.1764,116.7766,97.5016,37.7491,106.0722,130.2365,5.4730,172.2101,-6.0146,39.3167,96.6006,9.9813,13.0005,122.6268,89.7155,79.2844,96.7789,86.5908,118.8782,3.7478,4.6579,5.7106,6.1766,5.5906,1.8344,3.8762,-0.3247
2012-06-30 00:00:00,3.3807,2.9310,81.7741,103.5135,90.1804,105.9113,99.4625,105.9134,90.7854,146.5656,100.1363,112.7923,97.5944,33.9006,111.1050,134.0976,5.4980,181.1896,0.9637,38.4308,98.2690,10.4311,13.3161,119.7748,89.8067,81.0159,93.9384,85.4259,116.2117,4.2151,5.0309,5.7876,6.1467,5.9381,1.4205,4.3671,-0.6157
2012-09-30 00:00:00,3.5773,3.1037,86.1544,102.8268,89.8573,105.3001,99.7135,103.6640,92.0509,143.7396,98.9205,104.9071,97.1126,36.1405,113.7536,141.4567,5.4418,187.2846,0.0221,39.1956,97.5352,10.4856,13.3660,117.0781,88.1057,79.5955,91.7979,81.8522,113.3843,3.8411,4.7587,5.6905,6.2095,5.0556,1.3582,4.3324,-1.0493
2012-12-31 00:00:00,3.5814,3.4266,92.4916,102.0373,86.8285,104.5344,98.4307,101.3938,90.7231,142.4207,98.7284,124.8271,96.7019,31.5932,96.7570,148.8157,5.3856,193.3797,-0.9195,39.9604,96.8014,10.5400,13.4158,114.3813,86.4047,78.1752,93.6386,87.5315,117.5968,2.6535,3.6025,4.7820,5.4338,3.7786,1.3674,3.4145,-1.4087
2013-03-31 00:00:00,3.5051,3.3093,88.2547,101.1917,86.8154,103.2967,98.5526,97.9475,91.0681,141.0096,98.3346,136.9848,95.8500,31.8835,97.0947,152.6403,5.4313,199.3698,-0.1175,39.7619,95.5973,10.7292,13.6314,111.9384,85.8885,77.8486,98.7077,101.4136,119.7675,2.3267,3.1963,4.4470,5.1119,2.7509,1.4701,2.9769,-1.1425
2013-06-30 00:00:00,3.4844,3.2464,87.5058,101.1680,86.1480,103.0410,99.3949,98.2196,90.6630,137.4494,97.6380,129.0598,95.3958,30.4947,94.6345,156.5073,5.4774,205.4266,0.6933,39.5612,94.3798,10.9205,13.8495,109.4684,85.3666,77.5184,98.6442,107.4671,118.4618,2.2031,3.1230,4.2068,4.9211,2.5918,1.3403,2.8666,-1.4271
2013-09-30 00:00:00,3.4423,3.2864,99.5174,101.5063,87.9859,103.3021,98.1267,97.8108,92.1240,135.4238,97.0816,120.6102,95.0924,31.4101,90.9298,166.7724,5.4409,210.5591,-5.4070,41.0911,91.8817,10.7368,13.7740,107.6611,83.5075,74.9773,99.1048,109.0922,120.0894,2.3304,3.2818,4.4595,5.1201,2.5731,1.7296,2.7299,-0.7791
2013-12-31 00:00:00,3.3057,3.2137,108.7997,101.3570,87.8306,103.3910,98.3510,96.0420,91.4048,132.5996,96.6383,135.3432,95.2544,31.2328,87.2910,177.0376,5.4044,215.6917,-11.5074,42.6211,89.3836,10.5530,13.6986,105.8538,81.6484,72.4361,97.5049,113.6380,123.4269,1.9581,2.8240,4.1522,4.9517,2.2162,1.7457,2.4065,-1.1319
2014-03-31 00:00:00,3.1604,3.1351,124.6263,101.3989,88.6220,103.1068,98.0585,96.3180,92.2980,135.2800,95.9084,144.8545,95.3013,34.4863,92.0400,180.6179,5.6616,218.9058,-5.1867,42.8413,88.1249,11.1579,14.3326,103.4674,83.4153,74.7666,96.0130,117.2364,124.2115,1.3796,2.2697,3.6388,4.5404,1.6836,1.6077,2.0312,-1.4008
2014-06-30 00:00:00,3.0133,2.9352,121.6235,101.4253,90.4492,103.2820,97.3901,95.3281,92.7942,134.3375,95.9519,130.4979,95.6466,36.2910,83.3523,184.2379,5.9218,222.1556,1.2043,43.0639,86.8521,11.7694,14.9736,101.0544,85.2018,77.1230,94.4866,116.5733,124.3422,1.0075,1.6757,3.0904,4.1358,1.3545,1.3493,1.7411,-1.6831
2014-09-30 00:00:00,2.9421,2.8070,118.6360,101.4334,90.9393,103.6938,98.2457,94.9699,93.4511,133.7226,95.7025,125.3686,95.6688,38.2724,88.1835,194.4436,5.9012,228.9423,-0.7874,44.0722,87.9555,11.8201,14.6393,101.5398,83.6902,77.8285,92.0594,114.6981,120.2146,0.6699,1.2275,2.6088,3.8384,1.2062,0.9973,1.6115,-2.0866
2014-12-31 00:00:00,2.7879,2.5101,108.4444,101.2704,90.9833,104.1047,98.3640,95.6879,95.0650,130.4385,95.2210,141.3908,96.0242,43.4712,98.5600,204.6493,5.8807,235.7290,-2.7791,45.0805,89.0589,11.8707,14.3049,102.0252,82.1786,78.5339,91.5174,118.8652,113.3444,0.7668,1.1004,2.2347,3.5951,1.1779,0.6996,1.5351,-2.2782
2015-03-31 00:00:00,2.7041,2.4397,133.1963,101.6765,95.1111,104.7310,97.3964,96.5471,96.5342,130.6873,95.6264,138.2840,96.0058,51.9306,100.0950,209.3386,5.9823,240.0007,-0.1662,45.2890,91.3063,11.9341,14.4240,105.8657,86.0079,81.9415,86.2118,111.6766,102.1296,0.4281,0.7378,1.5177,2.6056,0.7544,0.3064,1.2113,-2.2081
2015-06-30 00:00:00,2.6900,2.2363,129.1633,102.1135,96.0865,105.7824,97.5592,97.7634,97.5447,130.5307,97.2311,128.9915,96.3168,71.7718,101.1298,214.0800,6.0850,244.3198,2.4758,45.4998,93.5786,11.9983,14.5444,109.7489,89.8797,85.3870,83.6243,111.8170,100.2367,0.3892,0.8407,1.7896,2.7839,0.7784,0.4902,1.2994,-1.3523
2015-09-30 00:00:00,2.7852,2.0725,123.0212,102.1469,95.3656,105.6711,98.0029,96.7191,96.0014,128.9515,97.1164,112.3932,96.8127,84.9180,96.3240,212.4787,6.1353,243.4626,2.9435,45.3178,92.5707,12.1494,14.6666,108.1120,89.2720,85.1572,83.1945,113.1278,100.8152,0.3593,0.8822,1.9336,2.9685,0.7115,0.6576,1.2761,-1.5986
2015-12-31 00:00:00,2.6462,2.0224,125.1277,102.6148,96.7016,105.6710,98.6891,97.4742,97.8447,127.5680,99.5077,126.8064,97.0697,87.6404,94.1345,210.8775,6.1855,242.6054,3.4112,45.1359,91.5629,12.3006,14.7888,106.4751,88.6642,84.9275,83.7383,110.7034,99.3298,0.1767,0.5903,1.6150,2.6831,0.6074,0.5266,1.0883,-2.2479
2016-03-31 00:00:00,2.5950,2.1428,106.5545,102.8262,97.7395,105.9750,98.9508,99.6255,97.5262,125.4241,98.4891,128.4120,97.2536,91.3303,93.5254,213.2871,6.1637,240.8633,2.4291,45.9880,92.4917,12.4093,14.8807,106.2351,89.0127,85.4827,89.3447,105.7453,99.9398,0.0610,0.4597,1.4893,2.6374,0.5221,0.2583,1.2311,-2.7838
2016-06-30 00:00:00,2.5055,2.0683,95.7204,103.1592,99.5844,106.0593,99.0221,99.4941,98.7989,125.9930,99.1538,122.4238,98.0588,96.5218,94.2579,215.6967,6.1418,239.1212,1.4470,46.8401,93.4205,12.5179,14.9726,105.9951,89.3613,86.0380,91.2469,101.5420,102.4100,0.0847,0.4715,1.4738,2.5727,0.5842,0.0834,1.3904,-2.9431
2016-09-30 00:00:00,2.3874,1.9163,97.1090,103.8649,99.8924,106.3109,99.0549,101.7030,99.5665,124.4755,99.3978,115.8722,98.0253,98.0583,95.7542,223.4548,5.8174,236.7500,-3.1068,49.0328,92.6340,11.9332,14.3618,104.4005,84.4813,80.8458,98.5478,95.1660,101.2667,-0.0068,0.2754,1.2232,2.2233,0.3979,-0.1234,1.3466,-3.5657
2016-12-31 00:00:00,2.3491,1.8682,112.7458,104.2355,102.0979,106.7557,99.5720,103.6174,101.5118,123.1347,99.7144,129.0122,98.4262,97.6751,96.0292,231.2130,5.4930,234.3787,-7.6607,51.2255,91.8476,11.3485,13.7511,102.8060,79.6014,75.6536,100.7925,98.1853,97.8492,0.1891,0.6612,1.7598,2.8297,0.6103,0.1477,1.6121,-2.7424
2017-03-31 00:00:00,2.4431,1.9124,121.5340,104.7398,103.1328,107.4040,99.2609,102.2049,103.7774,123.1950,100.3947,128.5735,98.7839,98.9324,88.2127,228.8723,5.7347,224.7979,-1.5095,52.9420,90.6507,12.0713,14.5051,99.7193,81.3128,77.9097,99.7490,100.7631,96.5661,0.2491,0.9258,2.2479,3.2561,0.7114,0.2857,1.9622,-2.1374
2017-06-30 00:00:00,2.4463,1.8825,122.4882,105.1879,105.7272,107.6592,99.3071,103.0523,104.2774,120.4897,100.2943,115.8962,98.9501,85.9389,85.2663,226.5055,5.9791,215.1107,4.7100,54.6775,89.4406,12.8021,15.2675,96.5983,83.0433,80.1909,99.8689,102.0706,99.9519,0.3049,0.9203,2.1681,3.2592,0.8366,0.2708,1.8973,-1.9283
2017-09-30 00:00:00,2.3970,1.8585,134.7620,105.2692,106.3537,107.4579,99.4341,105.8758,105.8038,115.3614,100.2447,111.8026,99.3765,79.0619,83.4723,209.4497,6.3071,201.4553,6.1137,53.9373,89.3609,13.5753,15.9912,96.0357,86.4500,84.5102,104.1213,108.5363,106.5248,0.1663,0.8358,2.1503,3.3225,0.8246,0.3830,1.7673,-1.8647
2017-12-31 00:00:00,2.2862,1.8290,130.2765,105.8947,109.0193,107.7267,99.7032,107.3509,107.1422,114.0460,100.1230,118.5129,99.6744,78.0947,88.8539,192.3940,6.6351,187.7999,7.5175,53.1971,89.2811,14.3484,16.7149,95.4731,89.8567,88.8296,102.9069,110.6581,106.7768,0.0337,0.6169,1.8857,3.1378,0.5747,0.3258,1.5599,-1.9115
2018-03-31 00:00:00,2.2322,1.8279,132.8047,105.7422,106.7256,108.0167,99.6751,106.5595,105.9055,114.3833,100.2957,121.9603,99.7178,81.5315,87.7367,171.9322,6.4582,166.0929,5.7830,53.8370,89.4045,14.0674,16.3749,94.8998,87.5116,86.5772,102.4496,110.8819,111.4771,0.0779,0.7392,2.0101,3.1090,0.4506,0.5544,1.4558,-1.2131
2018-06-30 00:00:00,2.1456,1.7926,128.3127,106.0372,108.9635,108.2460,99.6183,109.0306,106.2713,110.0147,100.2474,112.5745,100.4571,82.3695,87.9101,151.2431,6.2793,144.1448,4.0293,54.4840,89.5292,13.7832,16.0312,94.3201,85.1404,84.2999,101.6134,108.2832,108.0559,0.5760,1.1953,2.2324,3.1681,0.7961,0.4190,1.8134,-1.2623
2018-09-30 00:00:00,2.1331,1.8214,123.4140,105.9435,108.2303,108.1052,99.2227,107.8873,107.4420,108.4823,100.0915,98.0942,100.1801,82.0507,89.7013,138.1675,6.3063,133.3435,5.0435,53.7456,89.2935,13.8221,16.0408,94.2098,85.0920,84.4387,103.4926,107.9178,105.4632,1.3119,2.0510,2.9208,3.5384,1.8584,0.3120,2.6088,-1.4195
2018-12-31 00:00:00,2.2083,1.8183,108.5010,106.2383,110.4555,108.1332,99.1119,107.5637,107.9047,105.7954,100.1334,113.9337,100.2657,80.5857,89.8426,125.0918,6.3333,122.5422,6.0577,53.0072,89.0578,13.8610,16.0505,94.0994,85.0436,84.5775,102.8299,107.2595,103.5144,1.7539,2.4738,3.2780,3.8603,2.3214,0.3001,2.9779,-1.2586
2019-03-31 00:00:00,2.2153,1.7813,125.5478,106.4770,107.2824,108.3908,99.1472,109.0533,107.8415,103.3661,100.1847,116.6847,100.4286,78.6484,91.0831,125.7490,6.4104,123.7275,4.9763,52.7775,93.1015,14.1283,16.2851,97.6691,89.6078,89.5412,101.1897,104.1518,103.0028,0.9859,1.6578,2.7575,3.6801,1.8786,0.0664,2.6911,-1.6809
2019-06-30 00:00:00,2.1442,1.7287,124.7161,106.8987,108.2551,108.7600,99.0525,111.0436,108.7852,102.2522,100.9157,102.5271,101.2271,70.0941,91.2829,126.4136,6.4883,124.9259,3.8829,52.5452,97.1902,14.3985,16.5224,101.2784,94.2227,94.5600,101.4523,102.8089,101.9080,1.1203,1.6982,2.5151,3.4791,1.8434,-0.1631,2.6782,-2.2291
2019-09-30 00:00:00,2.0069,1.6945,129.5990,106.3196,108.0164,107.7964,99.0444,109.1809,108.8460,99.9059,100.7036,95.6850,100.7966,77.0595,91.8282,115.3594,6.6006,114.0999,4.4816,52.4953,97.2659,14.6287,16.8429,101.4860,96.2509,96.2719,104.6201,99.3556,100.8417,0.2804,0.6689,1.3199,2.3677,0.9851,-0.5440,1.8639,-3.8010
2019-12-31 00:00:00,1.8252,1.7272,138.0153,106.0398,106.5142,107.4798,98.6791,108.4286,108.4069,96.8468,99.9822,104.2924,100.6554,116.6140,96.0173,104.3052,6.7128,103.2740,5.0803,52.4453,97.3415,14.8589,17.1633,101.6935,98.2790,97.9837,99.8293,100.1879,100.4031,0.1749,0.5633,1.2132,2.2387,0.6418,-0.3738,1.5870,-3.2858
2022-03-31 00:00:00,2.0618,1.6765,146.9995,109.3882,121.0646,106.0415,102.5234,131.1369,114.1311,98.3117,102.3918,92.3115,100.2161,87.3265,99.1187,53.6566,5.8195,54.7690,7.4292,50.7772,115.6890,16.2837,18.6358,95.4099,100.1160,100.7426,97.0026,108.6315,101.7252,0.3919,0.8327,1.6646,2.3349,0.0806,0.1057,1.5590,-0.4551
2022-06-30 00:00:00,2.2838,1.6441,125.5210,111.0808,123.7571,108.4838,102.5050,132.8067,118.0357,97.5161,102.3477,84.0110,100.9335,84.8461,103.7944,48.4781,5.5132,50.9618,8.8599,49.3961,120.3722,16.0660,18.4619,95.5218,99.2991,99.5135,98.4035,115.0830,96.5530,1.7404,2.1754,3.0200,3.3716,0.6478,1.0480,1.9720,0.1331
2022-09-30 00:00:00,1.6790,1.1026,120.9617,111.2234,125.5101,108.7677,101.9834,133.1158,118.1560,98.1871,102.7741,81.3576,100.8467,82.4951,112.3287,45.9861,5.7018,48.3880,8.1656,49.3467,116.9547,16.3882,18.8212,94.0361,99.6269,99.8994,99.3124,115.8758,91.3210,2.3734,2.9231,3.5981,3.7600,0.9782,1.3039,2.2942,0.9641
2022-12-31 00:00:00,1.1690,1.2572,138.5054,111.0213,122.6252,107.4052,102.7773,134.0764,118.5499,92.1636,101.2514,83.8484,101.4927,81.3902,102.5970,43.4941,5.8904,45.8141,7.4713,49.2973,113.5372,16.7104,19.1805,92.5503,99.9547,100.2853,100.8587,120.1009,92.5505,3.3358,3.7006,4.3438,4.2394,3.0471,2.1128,2.2310,2.4070
2023-03-31 00:00:00,1.1517,1.2251,157.8550,111.8009,122.3556,108.9375,102.8405,145.7554,116.5882,89.2824,98.6316,87.5601,102.1387,82.4238,100.2051,42.6840,5.9302,44.9809,6.6994,49.2748,112.7168,16.7735,19.3072,92.1506,100.1777,100.2275,102.4169,118.2213,97.3106,3.4597,3.6998,4.2509,4.3951,3.1989,2.3156,1.9354,3.1517
2023-06-30 00:00:00,0.8647,1.4334,163.1544,111.8066,123.6199,108.5600,103.1468,144.6755,116.3277,86.8841,96.9665,78.8909,102.7275,87.2227,99.1053,41.8649,5.9704,44.1385,5.9190,49.2521,111.8873,16.8373,19.4353,91.7465,100.4032,100.1691,100.8220,124.6681,98.7320,3.5609,3.6773,4.2069,4.6385,4.2951,2.3594,1.8475,3.5083
2023-09-30 00:00:00,0.4527,1.3701,162.1310,111.7920,120.4027,108.1126,103.8145,147.2437,117.5341,84.2474,96.2269,76.7687,102.8618,82.0085,96.9530,40.7708,6.0191,43.1462,8.9967,49.0637,111.5105,16.8715,19.4391,91.9934,100.6927,100.6434,99.7000,130.9388,98.7102,3.7433,3.8413,4.2971,4.7187,4.7622,2.5546,1.7425,3.8521
2023-12-31 00:00:00,0.4669,1.5448,174.9044,112.0687,118.7396,107.4589,104.3960,148.1371,118.9825,83.7197,95.7513,79.6450,103.7141,80.7455,99.3378,39.6767,6.0678,42.1540,12.0744,48.8753,111.1338,16.9057,19.4428,92.2403,100.9822,101.1177,100.5446,132.4909,97.5008,3.5475,3.7963,4.3778,4.8778,5.5420,2.5089,1.8689,3.6498
2024-03-31 00:00:00,-0.0352,1.4387,199.0392,112.1761,118.4177,108.6947,103.9621,147.1994,118.1033,82.5190,94.7385,81.5289,103.8055,62.1931,95.6648,39.4928,6.1201,42.5352,9.3618,48.2186,110.8464,17.0865,19.6554,91.8155,101.6113,101.7233,99.3059,134.1828,98.4697,3.1161,3.2637,3.7930,4.3767,5.3536,2.2853,1.5077,3.5082
2024-06-30 00:00:00,-0.1977,1.5056,190.3085,112.4400,119.3699,108.7769,104.5695,146.5191,116.6025,82.0738,94.6768,70.4283,104.4749,68.7270,103.1484,39.3089,6.1724,42.9165,6.6493,47.5619,110.5590,17.2673,19.8680,91.3908,102.2403,102.3290,98.9306,139.6973,97.6472,3.3642,3.4377,3.8804,4.3947,5.0696,2.4833,1.3972,3.5675
2024-09-30 00:00:00,-0.1080,1.5492,195.4427,112.3910,120.7810,108.8795,104.7002,144.7586,116.1162,80.3242,94.4847,59.1037,104.8783,75.8440,101.9889,37.6632,6.2223,41.9522,9.5131,46.5959,110.2120,17.2560,19.7695,91.8991,102.2964,102.8308,98.0061,136.5162,99.6086,2.9151,3.1181,3.6925,4.3007,5.0474,2.2777,1.4148,3.1349
2024-12-31 00:00:00,0.2073,1.5460,195.9694,112.6536,121.1608,109.2075,104.9199,147.0913,115.7771,79.8785,94.6902,63.8492,104.8633,81.5088,113.6590,36.0174,6.2723,40.9879,12.3769,45.6298,109.8651,17.2448,19.6710,92.4074,102.3526,103.3326,96.5402,135.3670,96.8769,2.5577,2.8478,3.4636,4.1413,4.3251,2.2381,1.2255,2.5354
